accessinguser_fk,character_fk
user1,char1
user10,char10
user100,char100
user101,char101
user102,char102
user103,char103
user104,char104
user105,char105
user106,char106
user107,char107
user108,char108
user109,char109
user11,char11
user110,char110
user111,char111
user112,char112
user113,char113
user114,char114
user115,char115
user116,char116
user117,char117
user118,char118
user119,char119
user12,char12
user120,char120
user121,char121
user122,char122
user123,char123
user124,char124
user125,char125
user126,char126
user127,char127
user128,char128
user129,char129
user13,char13
user130,char130
user131,char131
user132,char132
user133,char133
user134,char134
user135,char135
user136,char136
user137,char137
user138,char138
user139,char139
user14,char14
user140,char140
user141,char141
user142,char142
user143,char143
user144,char144
user145,char145
user146,char146
user147,char147
user148,char148
user149,char149
user15,char15
user150,char150
user151,char151
user152,char152
user153,char153
user154,char154
user155,char155
user156,char156
user157,char157
user158,char158
user159,char159
user16,char16
user160,char160
user161,char161
user162,char162
user163,char163
user164,char164
user165,char165
user166,char166
user167,char167
user168,char168
user169,char169
user17,char17
user170,char170
user171,char171
user172,char172
user173,char173
user174,char174
user175,char175
user176,char176
user177,char177
user178,char178
user179,char179
user18,char18
user180,char180
user181,char181
user182,char182
user183,char183
user184,char184
user185,char185
user186,char186
user187,char187
user188,char188
user189,char189
user19,char19
user190,char190
user191,char191
user192,char192
user193,char193
user194,char194
user195,char195
user196,char196
user197,char197
user198,char198
user199,char199
user2,char2
user20,char20
user200,char200
user21,char21
user22,char22
user23,char23
user24,char24
user25,char25
user26,char26
user27,char27
user28,char28
user29,char29
user3,char3
user30,char30
user31,char31
user32,char32
user33,char33
user34,char34
user35,char35
user36,char36
user37,char37
user38,char38
user39,char39
user4,char4
user40,char40
user41,char41
user42,char42
user43,char43
user44,char44
user45,char45
user46,char46
user47,char47
user48,char48
user49,char49
user5,char5
user50,char50
user51,char51
user52,char52
user53,char53
user54,char54
user55,char55
user56,char56
user57,char57
user58,char58
user59,char59
user6,char6
user60,char60
user61,char61
user62,char62
user63,char63
user64,char64
user65,char65
user66,char66
user67,char67
user68,char68
user69,char69
user7,char7
user70,char70
user71,char71
user72,char72
user73,char73
user74,char74
user75,char75
user76,char76
user77,char77
user78,char78
user79,char79
user8,char8
user80,char80
user81,char81
user82,char82
user83,char83
user84,char84
user85,char85
user86,char86
user87,char87
user88,char88
user89,char89
user9,char9
user90,char90
user91,char91
user92,char92
user93,char93
user94,char94
user95,char95
user96,char96
user97,char97
user98,char98
user99,char99
